groupe;forme;frequence;part_du_groupe;sans_diacritique;decision;commentaire
se;sé;885;99 %;;;
se;sè;7;1 %;;;
se;se;3;0 %;oui;;
te;té;726;95 %;;;
te;tè;35;5 %;;;
te;te;3;0 %;oui;;
fe;fè;404;98 %;;;
fe;fe;6;1 %;oui;;
fe;fé;3;1 %;;;
ke;ké;337;93 %;;;
ke;kè;26;7 %;;;
pe;pé;244;73 %;;;
pe;pè;90;27 %;;;
le;lè;211;85 %;;;
le;lé;32;13 %;;;
le;le;5;2 %;oui;;
kon;kon;214;98 %;oui;;
kon;kòn;5;2 %;;;
me;mé;187;94 %;;;
me;mè;11;6 %;;;
me;me;1;1 %;oui;;
zot;zòt;145;96 %;;;
zot;zot;6;4 %;oui;;
es;ès;110;81 %;;;
es;es;22;16 %;oui;;
es;és;4;3 %;;;
de;dé;111;85 %;;;
de;dè;10;8 %;;;
de;de;9;7 %;oui;;
eve;èvè;111;90 %;;;
eve;évè;11;9 %;;;
eve;evè;1;1 %;;;
pye;pyè;59;51 %;;;
pye;pyé;50;43 %;;;
pye;pye;6;5 %;oui;;
bel;bèl;88;86 %;;;
bel;bel;14;14 %;oui;;
epi;épi;97;96 %;;;
epi;epi;3;3 %;oui;;
epi;èpi;1;1 %;;;
bon;bon;97;99 %;oui;;
bon;bòn;1;1 %;;;
fo;fò;73;78 %;;;
fo;fo;21;22 %;oui;;
vle;vlé;84;93 %;;;
vle;vlè;6;7 %;;;
ye;yé;81;90 %;;;
ye;yè;9;10 %;;;
kote;koté;76;99 %;;;
kote;kote;1;1 %;oui;;
mo;mò;50;67 %;;;
mo;mo;25;33 %;oui;;
rete;rété;64;97 %;;;
rete;rétè;2;3 %;;;
manje;manjé;64;98 %;;;
manje;manje;1;2 %;oui;;
soti;sòti;58;98 %;;;
soti;soti;1;2 %;oui;;
tet;tèt;52;91 %;;;
tet;tet;5;9 %;oui;;
dot;dòt;51;94 %;;;
dot;dot;3;6 %;oui;;
tete;tètè;50;96 %;;;
tete;tété;2;4 %;;;
depi;dépi;35;67 %;;;
depi;dèpi;17;33 %;;;
anko;ankò;46;90 %;;;
anko;anko;5;10 %;oui;;
kreyol;kréyòl;45;88 %;;;
kreyol;kréyol;5;10 %;;;
kreyol;krèyòl;1;2 %;;;
ale;alé;35;69 %;;;
ale;alè;16;31 %;;;
deye;dèyè;46;92 %;;;
deye;déyè;4;8 %;;;
fet;fèt;40;87 %;;;
fet;fet;6;13 %;oui;;
pati;pati;41;98 %;oui;;
pati;pâti;1;2 %;;;
ko;kò;37;88 %;;;
ko;ko;5;12 %;oui;;
pawol;pawòl;34;83 %;;;
pawol;pawol;7;17 %;oui;;
pote;pòté;27;68 %;;;
pote;poté;13;32 %;;;
mache;maché;36;95 %;;;
mache;machè;2;5 %;;;
konnet;konnèt;29;78 %;;;
konnet;konnet;7;19 %;oui;;
konnet;konnét;1;3 %;;;
sevi;sèvi;32;97 %;;;
sevi;sévi;1;3 %;;;
cheche;chèché;32;97 %;;;
cheche;chèchè;1;3 %;;;
dwet;dwèt;30;94 %;;;
dwet;dwet;2;6 %;oui;;
peyi;péyi;30;94 %;;;
peyi;pèyi;2;6 %;;;
koule;koulé;18;60 %;;;
koule;koulè;12;40 %;;;
met;mèt;24;83 %;;;
met;met;5;17 %;oui;;
bwe;bwè;27;96 %;;;
bwe;bwe;1;4 %;oui;;
chante;chanté;27;96 %;;;
chante;chantè;1;4 %;;;
achte;achté;16;57 %;;;
achte;achte;12;43 %;oui;;
alo;alò;26;96 %;;;
alo;alo;1;4 %;oui;;
demen;dèmen;26;96 %;;;
demen;démén;1;4 %;;;
gwo;gwo;25;96 %;oui;;
gwo;gwò;1;4 %;;;
soley;solèy;23;88 %;;;
soley;sòlèy;2;8 %;;;
soley;soley;1;4 %;oui;;
lanne;lanné;21;88 %;;;
lanne;lanne;3;12 %;oui;;
ped;pèd;19;79 %;;;
ped;ped;4;17 %;oui;;
ped;péd;1;4 %;;;
bo;bo;12;50 %;oui;;
bo;bò;12;50 %;;;
po;po;21;91 %;oui;;
po;pò;2;9 %;;;
premye;prèmyé;18;78 %;;;
premye;premyé;2;9 %;;;
premye;prémyé;2;9 %;;;
premye;prèmye;1;4 %;;;
jenn;jenn;21;95 %;oui;;
jenn;jènn;1;5 %;;;
sel;sèl;19;90 %;;;
sel;sel;2;10 %;oui;;
fos;fòs;18;86 %;;;
fos;fos;2;10 %;oui;;
fos;fós;1;5 %;;;
mize;mizè;18;86 %;;;
mize;mizé;3;14 %;;;
ve;vè;16;76 %;;;
ve;vé;4;19 %;;;
ve;ve;1;5 %;oui;;
poko;pòkò;11;52 %;;;
poko;poko;9;43 %;oui;;
poko;pòko;1;5 %;;;
lese;lésé;19;95 %;;;
lese;lésè;1;5 %;;;
make;maké;17;85 %;;;
make;makè;3;15 %;;;
lezot;lézòt;17;85 %;;;
lezot;lézot;3;15 %;;;
bef;bèf;13;65 %;;;
bef;bef;7;35 %;oui;;
petet;pétèt;14;74 %;;;
petet;pètèt;3;16 %;;;
petet;pétet;2;11 %;;;
vole;volé;15;83 %;;;
vole;vòlè;2;11 %;;;
vole;volè;1;6 %;;;
jodijou;jòdijou;16;94 %;;;
jodijou;jodijou;1;6 %;oui;;
sek;sèk;14;82 %;;;
sek;sek;3;18 %;oui;;
fre;frè;9;53 %;;;
fre;fré;8;47 %;;;
kontinye;kontinyé;15;94 %;;;
kontinye;kontinye;1;6 %;oui;;
pete;pété;15;94 %;;;
pete;pétè;1;6 %;;;
chanje;chanjé;14;88 %;;;
chanje;chanje;2;12 %;oui;;
zo;zò;11;69 %;;;
zo;zo;5;31 %;oui;;
peyi-la;péyi-la;14;93 %;;;
peyi-la;pèyi-la;1;7 %;;;
red;rèd;14;93 %;;;
red;red;1;7 %;oui;;
pres;près;12;80 %;;;
pres;prés;2;13 %;;;
pres;pres;1;7 %;oui;;
kle;klè;11;73 %;;;
kle;klé;4;27 %;;;
siklon;siklòn;8;53 %;;;
siklon;siklon;7;47 %;oui;;
fle;flè;12;92 %;;;
fle;fle;1;8 %;oui;;
dele;délè;12;92 %;;;
dele;dèlè;1;8 %;;;
ze;zé;11;85 %;;;
ze;ze;1;8 %;oui;;
ze;zè;1;8 %;;;
woch;wòch;10;77 %;;;
woch;woch;3;23 %;oui;;
enpe;enpé;10;77 %;;;
enpe;enpè;3;23 %;;;
ewo;èwo;9;69 %;;;
ewo;éwo;4;31 %;;;
mofwaze;mofwazé;11;92 %;;;
mofwaze;mofwazè;1;8 %;;;
soufe;soufè;11;92 %;;;
soufe;soufé;1;8 %;;;
fo-nou;fò-nou;9;75 %;;;
fo-nou;fo-nou;3;25 %;oui;;
peche;pèchè;5;42 %;;;
peche;péché;3;25 %;;;
peche;péchè;3;25 %;;;
peche;pèché;1;8 %;;;
che;chè;10;91 %;;;
che;che;1;9 %;oui;;
woule;woulé;10;91 %;;;
woule;woule;1;9 %;oui;;
franse;fransé;9;82 %;;;
franse;franse;2;18 %;oui;;
mo-la;mò-la;8;73 %;;;
mo-la;mo-la;3;27 %;oui;;
moso;mòso;7;64 %;;;
moso;moso;3;27 %;oui;;
moso;môso;1;9 %;;;
vale;valè;6;55 %;;;
vale;valé;5;45 %;;;
lo;lò;9;90 %;;;
lo;lo;1;10 %;oui;;
boutey;boutèy;9;90 %;;;
boutey;boutey;1;10 %;oui;;
sove;sové;9;90 %;;;
sove;sovè;1;10 %;;;
kouve;kouvè;9;90 %;;;
kouve;kouvé;1;10 %;;;
bengne;bengné;9;90 %;;;
bengne;bèngné;1;10 %;;;
sete;sété;9;90 %;;;
sete;sètè;1;10 %;;;
meye;méyè;8;80 %;;;
meye;mèyè;1;10 %;;;
meye;méyé;1;10 %;;;
mannye;mannyè;8;80 %;;;
mannye;mannyé;2;20 %;;;
selman;sèlman;6;60 %;;;
selman;selman;4;40 %;oui;;
ge;gé;5;50 %;;;
ge;gè;5;50 %;;;
fore;foré;5;50 %;;;
fore;forè;5;50 %;;;
zorey;zòrèy;5;50 %;;;
zorey;zorèy;4;40 %;;;
zorey;zorey;1;10 %;oui;;
arete;arété;8;89 %;;;
arete;arèté;1;11 %;;;
wilyam;wilyàm;8;89 %;;;
wilyam;wilyam;1;11 %;oui;;
ek;ek;8;89 %;oui;;
ek;èk;1;11 %;;;
peche-la;péchè-la;8;89 %;;;
peche-la;pèchè-la;1;11 %;;;
zeb;zèb;7;78 %;;;
zeb;zéb;1;11 %;;;
zeb;zeb;1;11 %;oui;;
lage;lagé;6;67 %;;;
lage;lagè;3;33 %;;;
soley-la;solèy-la;6;67 %;;;
soley-la;sòlèy-la;3;33 %;;;
dewo;déwò;6;67 %;;;
dewo;dèwò;3;33 %;;;
kole;kòlè;5;56 %;;;
kole;kolé;3;33 %;;;
kole;kolè;1;11 %;;;
wob;wòb;7;88 %;;;
wob;wob;1;12 %;oui;;
mangrov;mangrov;7;88 %;oui;;
mangrov;mangròv;1;12 %;;;
eben;eben;7;88 %;oui;;
eben;ében;1;12 %;;;
plizye;plizyè;7;88 %;;;
plizye;plizyé;1;12 %;;;
kye;kyè;7;88 %;;;
kye;kyé;1;12 %;;;
paket;pakèt;7;88 %;;;
paket;paket;1;12 %;oui;;
led;lèd;6;75 %;;;
led;léd;2;25 %;;;
chofe;chofè;5;62 %;;;
chofe;chofé;3;38 %;;;
sale;salé;6;86 %;;;
sale;salè;1;14 %;;;
neye;néyé;6;86 %;;;
neye;nèyé;1;14 %;;;
konsey;konsèy;6;86 %;;;
konsey;konsey;1;14 %;oui;;
mori;mori;6;86 %;oui;;
mori;mòri;1;14 %;;;
fo-mwen;fò-mwen;6;86 %;;;
fo-mwen;fo-mwen;1;14 %;oui;;
jere;jérè;6;86 %;;;
jere;jéré;1;14 %;;;
so;so;5;71 %;oui;;
so;sò;2;29 %;;;
poch;pòch;5;71 %;;;
poch;poch;2;29 %;oui;;
swe;swé;5;71 %;;;
swe;swè;2;29 %;;;
telman;tèlman;5;71 %;;;
telman;telman;2;29 %;oui;;
obo;òbò;5;71 %;;;
obo;obò;2;29 %;;;
boure;bouré;5;83 %;;;
boure;bourè;1;17 %;;;
souple;souplé;5;83 %;;;
souple;souplè;1;17 %;;;
solda;solda;5;83 %;oui;;
solda;sòlda;1;17 %;;;
plante;planté;5;83 %;;;
plante;plantè;1;17 %;;;
sonmey;sonmèy;5;83 %;;;
sonmey;sonméy;1;17 %;;;
fes;fès;5;83 %;;;
fes;fes;1;17 %;oui;;
pyes;pyès;5;83 %;;;
pyes;pyés;1;17 %;;;
navige;navige;4;67 %;oui;;
navige;navigé;2;33 %;;;
dokte;doktè;4;67 %;;;
dokte;dòktè;2;33 %;;;
kok;kok;4;67 %;oui;;
kok;kòk;2;33 %;;;
esplike;espliké;3;50 %;;;
esplike;èspliké;3;50 %;;;
afos;afos;3;50 %;oui;;
afos;afòs;3;50 %;;;
zanset;zansèt;4;80 %;;;
zanset;zanset;1;20 %;oui;;
pelikan;pelikan;4;80 %;oui;;
pelikan;pélikan;1;20 %;;;
et;èt;4;80 %;;;
et;et;1;20 %;oui;;
chansle;chanslé;4;80 %;;;
chansle;chanslè;1;20 %;;;
hote;hotè;4;80 %;;;
hote;hoté;1;20 %;;;
nouvel;nouvèl;4;80 %;;;
nouvel;nouvel;1;20 %;oui;;
kyololo;kyòlòlò;4;80 %;;;
kyololo;kyolòlò;1;20 %;;;
kod;kòd;4;80 %;;;
kod;kod;1;20 %;oui;;
volkan;volkan;4;80 %;oui;;
volkan;vòlkan;1;20 %;;;
rezewve;rézèwvé;4;80 %;;;
rezewve;rézewvé;1;20 %;;;
kaye;kayé;4;80 %;;;
kaye;kayè;1;20 %;;;
poz;pòz;4;80 %;;;
poz;poz;1;20 %;oui;;
areste;arèsté;4;80 %;;;
areste;aresté;1;20 %;;;
tret;trèt;4;80 %;;;
tret;tret;1;20 %;oui;;
dwetet;dwètèt;4;80 %;;;
dwetet;dwétèt;1;20 %;;;
veye;véyé;4;80 %;;;
veye;véyè;1;20 %;;;
kannot;kannòt;4;80 %;;;
kannot;kannot;1;20 %;oui;;
fose;fòsé;3;60 %;;;
fose;fosé;2;40 %;;;
respekte;respèkté;3;60 %;;;
respekte;respekté;2;40 %;;;
leta;lèta;3;60 %;;;
leta;léta;2;40 %;;;
blese;blésé;3;60 %;;;
blese;blesé;2;40 %;;;
chabon;chabon;3;60 %;oui;;
chabon;chabòn;2;40 %;;;
sen;sen;2;40 %;oui;;
sen;sèn;2;40 %;;;
sen;sén;1;20 %;;;
espesyal;espésyal;3;75 %;;;
espesyal;èspésyal;1;25 %;;;
jeneral;jeneral;3;75 %;oui;;
jeneral;jénéral;1;25 %;;;
piket;pikèt;3;75 %;;;
piket;pikét;1;25 %;;;
goch;gòch;3;75 %;;;
goch;goch;1;25 %;oui;;
ravet;ravèt;3;75 %;;;
ravet;ravet;1;25 %;oui;;
lotel;lotèl;3;75 %;;;
lotel;lotel;1;25 %;oui;;
avote;avòté;3;75 %;;;
avote;avoté;1;25 %;;;
mel;mel;3;75 %;oui;;
mel;mél;1;25 %;;;
premie;premié;3;75 %;;;
premie;prèmié;1;25 %;;;
grande;grandè;3;75 %;;;
grande;grande;1;25 %;oui;;
feyaj;féyaj;3;75 %;;;
feyaj;fèyaj;1;25 %;;;
lod;lòd;3;75 %;;;
lod;lod;1;25 %;oui;;
raze;razé;2;50 %;;;
raze;razè;2;50 %;;;
kepi;képi;2;50 %;;;
kepi;kèpi;2;50 %;;;
nwese;nwèsè;2;67 %;;;
nwese;nwésè;1;33 %;;;
mile;milé;2;67 %;;;
mile;milè;1;33 %;;;
respire;respiré;2;67 %;;;
respire;rèspiré;1;33 %;;;
site;sitè;2;67 %;;;
site;site;1;33 %;oui;;
konfedmanti;konfédmanti;2;67 %;;;
konfedmanti;konfèdmanti;1;33 %;;;
fo-zot;fo-zòt;2;67 %;;;
fo-zot;fò-zòt;1;33 %;;;
mode;mòdé;2;67 %;;;
mode;modé;1;33 %;;;
travese;travèsé;2;67 %;;;
travese;travésé;1;33 %;;;
let;lèt;2;67 %;;;
let;let;1;33 %;oui;;
nam-li;nam-li;2;67 %;oui;;
nam-li;nàm-li;1;33 %;;;
pofite;pofitè;2;67 %;;;
pofite;pofité;1;33 %;;;
pedi;pèdi;2;67 %;;;
pedi;pédi;1;33 %;;;
vwayaje;vwayajé;2;67 %;;;
vwayaje;vwayaje;1;33 %;oui;;
kaloj;kaloj;2;67 %;oui;;
kaloj;kalòj;1;33 %;;;
janbet;janbet;2;67 %;oui;;
janbet;janbèt;1;33 %;;;
negres;négrès;2;67 %;;;
negres;nègrès;1;33 %;;;
golet;golèt;2;67 %;;;
golet;gòlèt;1;33 %;;;
blage;blagé;2;67 %;;;
blage;blagè;1;33 %;;;
weee;wèèè;2;67 %;;;
weee;wééé;1;33 %;;;
lode;lòdè;2;67 %;;;
lode;lodè;1;33 %;;;
potoko;potoko;2;67 %;oui;;
potoko;pòtòkò;1;33 %;;;
tere;tèré;2;67 %;;;
tere;téré;1;33 %;;;
elekte;elektè;1;33 %;;;
elekte;élektè;1;33 %;;;
elekte;élekté;1;33 %;;;
asepte;asepté;1;33 %;;;
asepte;asèpté;1;33 %;;;
asepte;asépté;1;33 %;;;
karukera;karukéra;1;50 %;;;
karukera;karukera;1;50 %;oui;;
toupre;touprè;1;50 %;;;
toupre;toupré;1;50 %;;;
eklo;éklo;1;50 %;;;
eklo;éklò;1;50 %;;;
kowosol;kowosol;1;50 %;oui;;
kowosol;kowosòl;1;50 %;;;
prezante;prezanté;1;50 %;;;
prezante;prézanté;1;50 %;;;
latenn;latenn;1;50 %;oui;;
latenn;latènn;1;50 %;;;
vandredi;vandrédi;1;50 %;;;
vandredi;vandrèdi;1;50 %;;;
agoch;agòch;1;50 %;;;
agoch;agoch;1;50 %;oui;;
lise;lise;1;50 %;oui;;
lise;lisé;1;50 %;;;
lanmes;lanmès;1;50 %;;;
lanmes;lanmes;1;50 %;oui;;
janvye;janvye;1;50 %;oui;;
janvye;janvyé;1;50 %;;;
demare;démarè;1;50 %;;;
demare;démaré;1;50 %;;;
estasyon;èstasyon;1;50 %;;;
estasyon;estasyon;1;50 %;oui;;
model;modèl;1;50 %;;;
model;modél;1;50 %;;;
dokte-fey;dòktè-fey;1;50 %;;;
dokte-fey;dòktè-fèy;1;50 %;;;
bebel;bèbèl;1;50 %;;;
bebel;bébèl;1;50 %;;;
goj;gòj;1;50 %;;;
goj;goj;1;50 %;oui;;
lelmi;lelmi;1;50 %;oui;;
lelmi;lèlmi;1;50 %;;;
mol;mol;1;50 %;oui;;
mol;mòl;1;50 %;;;
fele;félé;1;50 %;;;
fele;fèlè;1;50 %;;;
akile;akilé;1;50 %;;;
akile;akilè;1;50 %;;;
tere-sere;téré-séré;1;50 %;;;
tere-sere;tèré-séré;1;50 %;;;
folman;fòlman;1;50 %;;;
folman;folman;1;50 %;oui;;
hoket;hokèt;1;50 %;;;
hoket;hòkèt;1;50 %;;;
okside;òksidé;1;50 %;;;
okside;oksidé;1;50 %;;;
vol;vòl;1;50 %;;;
vol;vol;1;50 %;oui;;
fonksyonne;fonksyonné;1;50 %;;;
fonksyonne;fonksyonnè;1;50 %;;;
kwafe-yo;kwafé-yo;1;50 %;;;
kwafe-yo;kwafè-yo;1;50 %;;;
kwafe;kwafé;1;50 %;;;
kwafe;kwafè;1;50 %;;;
estebekwe;èstèbèkwè;1;50 %;;;
estebekwe;èstébékwè;1;50 %;;;
lopilans;lòpilans;1;50 %;;;
lopilans;lopilans;1;50 %;oui;;
fot;fot;1;50 %;oui;;
fot;fòt;1;50 %;;;
seche;sèché;1;50 %;;;
seche;séché;1;50 %;;;
joue;jouè;1;50 %;;;
joue;joué;1;50 %;;;
eksplwate;èksplwatè;1;50 %;;;
eksplwate;èksplwaté;1;50 %;;;
gouvene;gouvèné;1;50 %;;;
gouvene;gouvènè;1;50 %;;;
jodi-la;jodi-la;1;50 %;oui;;
jodi-la;jòdi-la;1;50 %;;;
jenerasyon;jénèrasyon;1;50 %;;;
jenerasyon;jénérasyon;1;50 %;;;
eksetera;èksétéra;1;50 %;;;
eksetera;eksétéra;1;50 %;;;
